Workbook

Sheet SkyreelsV2-Chunkwise
A1: num_frames | B1: 177
A2: ar_step | B2: 5
A3: causal_block_size | B3: 5
A4: base_num_frames | B4: 97
A5: overlap_history | B5: 17
A6: inference_steps | B6: 25
A7: cnt | B7: 40 | E7: num_steps | F7: =IF(B8>1,B6+(((B4-1)/4+1)/B3-1)*B2-B2,B6+(((B4-1)/4+1)/B3-1)*B2) -> 45 | I7: block1 | J7: 1
A8: n_iter | B8: 1 | E8: max_n_iter | F8: =1+FLOOR((B29-B31-1)/(B31-B30),1)+1 -> 2 | I8: block2 | J8: 2
A9: addnoise_condition | B9: 20 | E9: sum_steps | F9: =B6+(((B4-1)/4+1)/B3-1)*B2+(F8-1)*(B6+(((B4-1)/4+1)/B3-1)*B2-B2) -> 85 | I9: block3 | J9: 3
A10: guidance_scale | B10: 6 | I10: block4 | J10: 4
A11: shift | B11: 8 | E11: ret_steps | F11: 5 | I11: block5 | J11: 5
A12: fps | B12: 24 | E12: cutoff_steps | F12: =B6 -> 25
A13: height | B13: 544
A14: width | B14: 960
A15: in_dim | B15: 16
A16: out_dim | B16: 64
A17: dim | B17: 1536
A18: ffn_dim | B18: 8960
A19: freq_dim | B19: 256
A20: num_heads | B20: 12
A21: head_dim | B21: 128
A22: text_len | B22: 512
A23: text_dim | B23: 4096
A24: num_layers | B24: 30
A25: patch_size | B25: 1,2,2
A27: latent_height | B27: =B13/8 -> 68 | E27: output_video | F27: =B8>1 -> FALSE
A28: latent_width | B28: =B14/8 -> 120 | E28: step_update_mask | F28: =IF(AND(B8>1,J7=1),FALSE,AND(B7>=(J7-1)*B2+1,B7<=(J7-1)*B2+B6)) -> FALSE | G28: =IF(AND(B8>1,J8=1),FALSE,AND(B7>=(J8-1)*B2+1,B7<=(J8-1)*B2+B6)) -> FALSE | H28: =IF(AND(B8>1,J9=1),FALSE,AND(B7>=(J9-1)*B2+1,B7<=(J9-1)*B2+B6)) -> FALSE | I28: =IF(AND(B8>1,J10=1),FALSE,AND(B7>=(J10-1)*B2+1,B7<=(J10-1)*B2+B6)) -> TRUE | J28: =IF(AND(B8>1,J11=1),FALSE,AND(B7>=(J11-1)*B2+1,B7<=(J11-1)*B2+B6)) -> TRUE
A29: latent_length | B29: =(B1-1)/4+1 -> 45 | E29: should_forward_mask | F29: =IF(AND(B8>1,J7=1),TRUE,B7>=(J7-1)*B2+1) -> TRUE | G29: =IF(AND(B8>1,J8=1),TRUE,B7>=(J8-1)*B2+1) -> TRUE | H29: =IF(AND(B8>1,J9=1),TRUE,B7>=(J9-1)*B2+1) -> TRUE | I29: =IF(AND(B8>1,J10=1),TRUE,B7>=(J10-1)*B2+1) -> TRUE | J29: =IF(AND(B8>1,J11=1),TRUE,B7>=(J11-1)*B2+1) -> TRUE
A30: overlap_history_frames | B30: =(B5-1)/4+1 -> 5
A31: base_num_frames | B31: =(B4-1)/4+1 -> 25
A32: group_size | B32: =B3 -> 5
A33: num_groups | B33: =B31/B32 -> 5
A34: token_per_frame | B34: =(B27/2)*(B28/2) -> 2040
A35: token_per_block | B35: =B34*B32 -> 10200
A36: token_per_chunk | B36: =B35*B33 -> 51000
B40: Params (GB) | C40: TFlops | D40: MLP+Attn Params (GB) | E40: MLP+Attn Params占比 (%) | F40: Condition和Head Params (GB) | G40: Condition和Head Params占比 (%) | H40: FA TFlops | I40: FA Flops占比 (%) | J40: GEMM TFlops | K40: GEMM Flops占比 (%)
A41: VideoDiTModel | B41: =O72 -> 2.6720266 | C41: =P72 -> 420.82988 | D41: =E74*B24 -> 2.5932884 | E41: =(D41/B41)*100 -> 97.05324 | F41: =O62+O50 -> 0.078738213 | G41: =(F41/B41)*100 -> 2.94676 | H41: =(K54+K55+K65+K66)*B24 -> 292.46276 | I41: =(H41/C41)*100 -> 69.496671 | J41: =B24*(K50+K51+K52+K53+K61+K62+K63+K64+K71+K72)+P49+P58+P59+P60+P61 -> 128.28808 | K41: =(J41/C41)*100 -> 30.484547
B45: VideoDiTModel
F46: block1 | G46: block2 | H46: block3 | I46: block4 | J46: block5
E47: Params | F47: TFlops | G47: TFlops | H47: TFlops | I47: TFlops | J47: TFlops | K47: ToTal | O47: Params | P47: TFlops
B48: WanAttention | D48: norm1_LN | E48: =0 -> 0 | F48: =IF(F29=FALSE,0,5*B17*B35/Base!B2) -> 7.8336e-05 | G48: =IF(G29=FALSE,0,5*B17*B35/Base!B2) -> 7.8336e-05 | H48: =IF(H29=FALSE,0,5*B17*B35/Base!B2) -> 7.8336e-05 | I48: =IF(I29=FALSE,0,5*B17*B35/Base!B2) -> 7.8336e-05 | J48: =IF(J29=FALSE,0,5*B17*B35/Base!B2) -> 7.8336e-05 | K48: =SUM(F48:J48) -> 0.00039168 | M48: Head | N48: norm_LN | O48: =0 -> 0 | P48: =5*B17*B36/Base!B2 -> 0.00039168
N49: linear | O49: =(B17*B16*2)/Base!B1 -> 0.00018310547 | P49: =2*B36*B17*B16/Base!B2 -> 0.010027008
C50: Self_Attn | D50: self_attn_q | E50: =2*B17*B17/Base!B1 -> 0.0043945312 | F50: =IF(F29=FALSE,0,B35*B17*B17*2/Base!B2) -> 0.048129638 | G50: =IF(G29=FALSE,0,B35*B17*B17*2/Base!B2) -> 0.048129638 | H50: =IF(H29=FALSE,0,B35*B17*B17*2/Base!B2) -> 0.048129638 | I50: =IF(I29=FALSE,0,B35*B17*B17*2/Base!B2) -> 0.048129638 | J50: =IF(J29=FALSE,0,B35*B17*B17*2/Base!B2) -> 0.048129638 | K50: =SUM(F50:J50) -> 0.24064819 | N50: Total | O50: =SUM(O48:O49) -> 0.00018310547 | P50: =SUM(P48:P49) -> 0.010418688
D51: self_attn_k | E51: =2*B17*B17/Base!B1 -> 0.0043945312 | F51: =IF(F29=FALSE,0,B35*B17*B17*2/Base!B2) -> 0.048129638 | G51: =IF(G29=FALSE,0,B35*B17*B17*2/Base!B2) -> 0.048129638 | H51: =IF(H29=FALSE,0,B35*B17*B17*2/Base!B2) -> 0.048129638 | I51: =IF(I29=FALSE,0,B35*B17*B17*2/Base!B2) -> 0.048129638 | J51: =IF(J29=FALSE,0,B35*B17*B17*2/Base!B2) -> 0.048129638 | K51: =SUM(F51:J51) -> 0.24064819
D52: self_attn_v | E52: =2*B17*B17/Base!B1 -> 0.0043945312 | F52: =IF(F29=FALSE,0,B35*B17*B17*2/Base!B2) -> 0.048129638 | G52: =IF(G29=FALSE,0,B35*B17*B17*2/Base!B2) -> 0.048129638 | H52: =IF(H29=FALSE,0,B35*B17*B17*2/Base!B2) -> 0.048129638 | I52: =IF(I29=FALSE,0,B35*B17*B17*2/Base!B2) -> 0.048129638 | J52: =IF(J29=FALSE,0,B35*B17*B17*2/Base!B2) -> 0.048129638 | K52: =SUM(F52:J52) -> 0.24064819
D53: self_attn_o | E53: =2*B17*B17/Base!B1 -> 0.0043945312 | F53: =IF(F29=FALSE,0,B35*B17*B17*2/Base!B2) -> 0.048129638 | G53: =IF(G29=FALSE,0,B35*B17*B17*2/Base!B2) -> 0.048129638 | H53: =IF(H29=FALSE,0,B35*B17*B17*2/Base!B2) -> 0.048129638 | I53: =IF(I29=FALSE,0,B35*B17*B17*2/Base!B2) -> 0.048129638 | J53: =IF(J29=FALSE,0,B35*B17*B17*2/Base!B2) -> 0.048129638 | K53: =SUM(F53:J53) -> 0.24064819
D54: self_attn_qk | F54: =IF(F29=FALSE,0,2*B35*B20*B21*(J7*B35)/Base!B2) -> 0.31961088 | G54: =IF(G29=FALSE,0,2*B35*B20*B21*(J8*B35)/Base!B2) -> 0.63922176 | H54: =IF(H29=FALSE,0,2*B35*B20*B21*(J9*B35)/Base!B2) -> 0.95883264 | I54: =IF(I29=FALSE,0,2*B35*B20*B21*(J10*B35)/Base!B2) -> 1.2784435 | J54: =IF(J29=FALSE,0,2*B35*B20*B21*(J11*B35)/Base!B2) -> 1.5980544 | K54: =SUM(F54:J54) -> 4.7941632
D55: self_attn_pv | F55: =IF(F29=FALSE,0,2*B35*B20*B21*(J7*B35)/Base!B2) -> 0.31961088 | G55: =IF(G29=FALSE,0,2*B35*B20*B21*(J8*B35)/Base!B2) -> 0.63922176 | H55: =IF(H29=FALSE,0,2*B35*B20*B21*(J9*B35)/Base!B2) -> 0.95883264 | I55: =IF(I29=FALSE,0,2*B35*B20*B21*(J10*B35)/Base!B2) -> 1.2784435 | J55: =IF(J29=FALSE,0,2*B35*B20*B21*(J11*B35)/Base!B2) -> 1.5980544 | K55: =SUM(F55:J55) -> 4.7941632
D56: self.norm_q | E56: =2*B17/Base!B1 -> 2.8610229e-06 | F56: =IF(F29=FALSE,0,4*B35*B17/Base!B2) -> 6.26688e-05 | G56: =IF(G29=FALSE,0,4*B35*B17/Base!B2) -> 6.26688e-05 | H56: =IF(H29=FALSE,0,4*B35*B17/Base!B2) -> 6.26688e-05 | I56: =IF(I29=FALSE,0,4*B35*B17/Base!B2) -> 6.26688e-05 | J56: =IF(J29=FALSE,0,4*B35*B17/Base!B2) -> 6.26688e-05 | K56: =SUM(F56:J56) -> 0.000313344 | O56: Params | P56: TFlops
D57: self.norm_k | E57: =2*B17/Base!B1 -> 2.8610229e-06 | F57: =IF(F29=FALSE,0,4*B35*B17/Base!B2) -> 6.26688e-05 | G57: =IF(G29=FALSE,0,4*B35*B17/Base!B2) -> 6.26688e-05 | H57: =IF(H29=FALSE,0,4*B35*B17/Base!B2) -> 6.26688e-05 | I57: =IF(I29=FALSE,0,4*B35*B17/Base!B2) -> 6.26688e-05 | J57: =IF(J29=FALSE,0,4*B35*B17/Base!B2) -> 6.26688e-05 | K57: =SUM(F57:J57) -> 0.000313344 | M57: Condition | N57: patch_embedding | O57: =(B17*B15*1*2*2+B17)*2/Base!B1 -> 0.00018596649 | P57: =B17*B31*(B27/2)*(B28/2)*(1*2*2*B15)*2/Base!B2 -> 0.010027008
N58: text_embedding | O58: =(B23*B17+B17*B17)*2/Base!B1 -> 0.016113281 | P58: =2*(B22*B23*B17+B22*B17*B17)/Base!B2 -> 0.00885837
D59: norm3_LN | E59: =2*2*B17/Base!B1 -> 5.7220459e-06 | F59: =IF(F29=FALSE,0,7*B17*B35/Base!B2) -> 0.0001096704 | G59: =IF(G29=FALSE,0,7*B17*B35/Base!B2) -> 0.0001096704 | H59: =IF(H29=FALSE,0,7*B17*B35/Base!B2) -> 0.0001096704 | I59: =IF(I29=FALSE,0,7*B17*B35/Base!B2) -> 0.0001096704 | J59: =IF(J29=FALSE,0,7*B17*B35/Base!B2) -> 0.0001096704 | K59: =SUM(F59:J59) -> 0.000548352 | N59: time_embedding | O59: =(B19*B17+B17*B17)*2/Base!B1 -> 0.0051269531 | P59: =(2*B31*B17*B19+2*B31*B17*B17)/Base!B2 -> 0.0001376256
N60: time_projection | O60: =(B17*B17*6*2)/Base!B1 -> 0.026367188 | P60: =(2*B31*B17*6*B17)/Base!B2 -> 0.0007077888
C61: Cross_Attn | D61: cross_attn_q | E61: =2*B17*B17/Base!B1 -> 0.0043945312 | F61: =IF(F29=FALSE,0,B35*B17*B17*2/Base!B2) -> 0.048129638 | G61: =IF(G29=FALSE,0,B35*B17*B17*2/Base!B2) -> 0.048129638 | H61: =IF(H29=FALSE,0,B35*B17*B17*2/Base!B2) -> 0.048129638 | I61: =IF(I29=FALSE,0,B35*B17*B17*2/Base!B2) -> 0.048129638 | J61: =IF(J29=FALSE,0,B35*B17*B17*2/Base!B2) -> 0.048129638 | K61: =SUM(F61:J61) -> 0.24064819 | N61: fps_projection | O61: =(B17*B17+B17*B17*6)*2/Base!B1 -> 0.030761719 | P61: =(2*B17*B17+2*B17*6*B17)/Base!B2 -> 3.3030144e-05
D62: cross_attn_k | E62: =2*B17*B17/Base!B1 -> 0.0043945312 | F62: =IF(F29=FALSE,0,B22*B17*B17*2/Base!B2) -> 0.0024159191 | G62: =IF(G29=FALSE,0,B22*B17*B17*2/Base!B2) -> 0.0024159191 | H62: =IF(H29=FALSE,0,B22*B17*B17*2/Base!B2) -> 0.0024159191 | I62: =IF(I29=FALSE,0,B22*B17*B17*2/Base!B2) -> 0.0024159191 | J62: =IF(J29=FALSE,0,B22*B17*B17*2/Base!B2) -> 0.0024159191 | K62: =SUM(F62:J62) -> 0.012079596 | N62: Total | O62: =SUM(O57:O61) -> 0.078555107 | P62: =SUM(P57:P61) -> 0.019763823
D63: cross_attn_v | E63: =2*B17*B17/Base!B1 -> 0.0043945312 | F63: =IF(F29=FALSE,0,B22*B17*B17*2/Base!B2) -> 0.0024159191 | G63: =IF(G29=FALSE,0,B22*B17*B17*2/Base!B2) -> 0.0024159191 | H63: =IF(H29=FALSE,0,B22*B17*B17*2/Base!B2) -> 0.0024159191 | I63: =IF(I29=FALSE,0,B22*B17*B17*2/Base!B2) -> 0.0024159191 | J63: =IF(J29=FALSE,0,B22*B17*B17*2/Base!B2) -> 0.0024159191 | K63: =SUM(F63:J63) -> 0.012079596
D64: cross_attn_o | E64: =2*B17*B17/Base!B1 -> 0.0043945312 | F64: =IF(F29=FALSE,0,B35*B17*B17*2/Base!B2) -> 0.048129638 | G64: =IF(G29=FALSE,0,B35*B17*B17*2/Base!B2) -> 0.048129638 | H64: =IF(H29=FALSE,0,B35*B17*B17*2/Base!B2) -> 0.048129638 | I64: =IF(I29=FALSE,0,B35*B17*B17*2/Base!B2) -> 0.048129638 | J64: =IF(J29=FALSE,0,B35*B17*B17*2/Base!B2) -> 0.048129638 | K64: =SUM(F64:J64) -> 0.24064819
D65: cross_attn_qk | F65: =IF(F29=FALSE,0,2*B35*B20*B21*B22/Base!B2) -> 0.016043213 | G65: =IF(G29=FALSE,0,2*B35*B20*B21*B22/Base!B2) -> 0.016043213 | H65: =IF(H29=FALSE,0,2*B35*B20*B21*B22/Base!B2) -> 0.016043213 | I65: =IF(I29=FALSE,0,2*B35*B20*B21*B22/Base!B2) -> 0.016043213 | J65: =IF(J29=FALSE,0,2*B35*B20*B21*B22/Base!B2) -> 0.016043213 | K65: =SUM(F65:J65) -> 0.080216064
D66: cross_attn_pv | F66: =IF(F29=FALSE,0,2*B35*B20*B21*B22/Base!B2) -> 0.016043213 | G66: =IF(G29=FALSE,0,2*B35*B20*B21*B22/Base!B2) -> 0.016043213 | H66: =IF(H29=FALSE,0,2*B35*B20*B21*B22/Base!B2) -> 0.016043213 | I66: =IF(I29=FALSE,0,2*B35*B20*B21*B22/Base!B2) -> 0.016043213 | J66: =IF(J29=FALSE,0,2*B35*B20*B21*B22/Base!B2) -> 0.016043213 | K66: =SUM(F66:J66) -> 0.080216064
D67: self.norm_q | E67: =2*B17/Base!B1 -> 2.8610229e-06 | F67: =IF(F29=FALSE,0,4*B35*B17/Base!B2) -> 6.26688e-05 | G67: =IF(G29=FALSE,0,4*B35*B17/Base!B2) -> 6.26688e-05 | H67: =IF(H29=FALSE,0,4*B35*B17/Base!B2) -> 6.26688e-05 | I67: =IF(I29=FALSE,0,4*B35*B17/Base!B2) -> 6.26688e-05 | J67: =IF(J29=FALSE,0,4*B35*B17/Base!B2) -> 6.26688e-05 | K67: =SUM(F67:J67) -> 0.000313344
D68: self.norm_k | E68: =2*B17/Base!B1 -> 2.8610229e-06 | F68: =IF(F29=FALSE,0,4*B22*B17/Base!B2) -> 3.145728e-06 | G68: =IF(G29=FALSE,0,4*B22*B17/Base!B2) -> 3.145728e-06 | H68: =IF(H29=FALSE,0,4*B22*B17/Base!B2) -> 3.145728e-06 | I68: =IF(I29=FALSE,0,4*B22*B17/Base!B2) -> 3.145728e-06 | J68: =IF(J29=FALSE,0,4*B22*B17/Base!B2) -> 3.145728e-06 | K68: =SUM(F68:J68) -> 1.572864e-05
C70: FFN | D70: norm2_LN | E70: =0 -> 0 | F70: =IF(F29=FALSE,0,5*B17*B35/Base!B2) -> 7.8336e-05 | G70: =IF(G29=FALSE,0,5*B17*B35/Base!B2) -> 7.8336e-05 | H70: =IF(H29=FALSE,0,5*B17*B35/Base!B2) -> 7.8336e-05 | I70: =IF(I29=FALSE,0,5*B17*B35/Base!B2) -> 7.8336e-05 | J70: =IF(J29=FALSE,0,5*B17*B35/Base!B2) -> 7.8336e-05 | K70: =SUM(F70:J70) -> 0.00039168 | O70: Params | P70: TFlops
D71: fc1 | E71: =2*B17*B18/Base!B1 -> 0.025634766 | F71: =IF(F29=FALSE,0,2*B35*B17*B18/Base!B2) -> 0.28075622 | G71: =IF(G29=FALSE,0,2*B35*B17*B18/Base!B2) -> 0.28075622 | H71: =IF(H29=FALSE,0,2*B35*B17*B18/Base!B2) -> 0.28075622 | I71: =IF(I29=FALSE,0,2*B35*B17*B18/Base!B2) -> 0.28075622 | J71: =IF(J29=FALSE,0,2*B35*B17*B18/Base!B2) -> 0.28075622 | K71: =SUM(F71:J71) -> 1.4037811 | M71: Total | N71: Attention | O71: =E74 -> 0.086442947 | P71: =K74 -> 14.026657
D72: fc2 | E72: =2*B17*B18/Base!B1 -> 0.025634766 | F72: =IF(F29=FALSE,0,2*B35*B17*B18/Base!B2) -> 0.28075622 | G72: =IF(G29=FALSE,0,2*B35*B17*B18/Base!B2) -> 0.28075622 | H72: =IF(H29=FALSE,0,2*B35*B17*B18/Base!B2) -> 0.28075622 | I72: =IF(I29=FALSE,0,2*B35*B17*B18/Base!B2) -> 0.28075622 | J72: =IF(J29=FALSE,0,2*B35*B17*B18/Base!B2) -> 0.28075622 | K72: =SUM(F72:J72) -> 1.4037811 | N72: L*Attention+Condition+Head | O72: =B24*E74+O62+O50 -> 2.6720266 | P72: =K74*B24+P50+P62 -> 420.82988
D74: Total | E74: =SUM(E48:E73) -> 0.086442947 | F74: =SUM(F48:F73) -> 1.5268878 | G74: =SUM(G48:G73) -> 2.1661096 | H74: =SUM(H48:H73) -> 2.8053313 | I74: =SUM(I48:I73) -> 3.4445531 | J74: =SUM(J48:J73) -> 4.0837748 | K74: =SUM(F74:J74) -> 14.026657

Sheet Base
A1: Params Base (GB) | B1: =1024*1024*1024 -> 1073741824
A2: TFlops Base (T) | B2: =1000*1000*1000*1000 -> 1000000000000
A3: Comm Base (MB) | B3: =1024*1024*1024 -> 1073741824
